dates,yld_3m,yld_6m,yld_1y,yld_2y,yld_3y,yld_5y,yld_7y,yld_10y,yld_30y,monthnumber
"4/30/1953",,,2.36,,2.51,2.62,,2.83,,-320
"5/31/1953",,,2.48,,2.72,2.87,,3.05,,-319
"6/30/1953",,,2.45,,2.74,2.94,,3.11,,-318
"7/31/1953",,,2.38,,2.62,2.75,,2.93,,-317
"8/31/1953",,,2.28,,2.58,2.8,,2.95,,-316
"9/30/1953",,,2.2,,2.56,2.71,,2.87,,-315
"10/31/1953",,,1.79,,2.23,2.43,,2.66,,-314
"11/30/1953",,,1.67,,2.2,2.42,,2.68,,-313
"12/31/1953",,,1.66,,2.07,2.32,,2.59,,-312
"1/31/1954",,,1.41,,1.89,2.17,,2.48,,-311
"2/28/1954",,,1.14,,1.63,2.04,,2.47,,-310
"3/31/1954",,,1.13,,1.59,1.93,,2.37,,-309
"4/30/1954",,,.96,,1.54,1.87,,2.29,,-308
"5/31/1954",,,.85,,1.56,1.92,,2.37,,-307
"6/30/1954",,,.82,,1.53,1.92,,2.38,,-306
"7/31/1954",,,.84,,1.47,1.85,,2.3,,-305
"8/31/1954",,,.88,,1.49,1.9,,2.36,,-304
"9/30/1954",,,1.03,,1.6,1.96,,2.38,,-303
"10/31/1954",,,1.17,,1.72,2.02,,2.43,,-302
"11/30/1954",,,1.14,,1.75,2.09,,2.48,,-301
"12/31/1954",,,1.21,,1.81,2.16,,2.51,,-300
"1/31/1955",,,1.39,,1.99,2.32,,2.61,,-299
"2/28/1955",,,1.57,,2.12,2.38,,2.65,,-298
"3/31/1955",,,1.59,,2.26,2.48,,2.68,,-297
"4/30/1955",,,1.75,,2.37,2.55,,2.75,,-296
"5/31/1955",,,1.9,,2.37,2.56,,2.76,,-295
"6/30/1955",,,1.91,,2.39,2.59,,2.78,,-294
"7/31/1955",,,2.02,,2.51,2.72,,2.9,,-293
"8/31/1955",,,2.37,,2.72,2.86,,2.97,,-292
"9/30/1955",,,2.36,,2.69,2.85,,2.97,,-291
"10/31/1955",,,2.39,,2.62,2.76,,2.88,,-290
"11/30/1955",,,2.48,,2.73,2.81,,2.89,,-289
"12/31/1955",,,2.73,,2.88,2.93,,2.96,,-288
"1/31/1956",,,2.58,,2.78,2.84,,2.9,,-287
"2/29/1956",,,2.49,,2.67,2.74,,2.84,,-286
"3/31/1956",,,2.61,,2.89,2.93,,2.96,,-285
"4/30/1956",,,2.92,,3.19,3.2,,3.18,,-284
"5/31/1956",,,2.94,,3.08,3.08,,3.07,,-283
"6/30/1956",,,2.74,,2.95,2.97,,3,,-282
"7/31/1956",,,2.76,,3.06,3.12,,3.11,,-281
"8/31/1956",,,3.1,,3.39,3.41,,3.33,,-280
"9/30/1956",,,3.35,,3.5,3.47,,3.38,,-279
"10/31/1956",,,3.28,,3.4,3.4,,3.34,,-278
"11/30/1956",,,3.44,,3.57,3.56,,3.49,,-277
"12/31/1956",,,3.68,,3.76,3.7,,3.59,,-276
"1/31/1957",,,3.37,,3.46,3.47,,3.46,,-275
"2/28/1957",,,3.38,,3.42,3.39,,3.34,,-274
"3/31/1957",,,3.42,,3.47,3.46,,3.41,,-273
"4/30/1957",,,3.49,,3.53,3.53,,3.48,,-272
"5/31/1957",,,3.48,,3.61,3.64,,3.6,,-271
"6/30/1957",,,3.65,,3.8,3.83,,3.8,,-270
"7/31/1957",,,3.81,,3.96,4,,3.93,,-269
"8/31/1957",,,4.01,,4.02,4,,3.93,,-268
"9/30/1957",,,4.07,,4.06,4.03,,3.92,,-267
"10/31/1957",,,4.01,,4.09,4.08,,3.97,,-266
"11/30/1957",,,3.57,,3.7,3.72,,3.72,,-265
"12/31/1957",,,3.18,,3.11,3.08,,3.21,,-264
"1/31/1958",,,2.65,,2.78,2.88,,3.09,,-263
"2/28/1958",,,1.99,,2.58,2.78,,3.05,,-262
"3/31/1958",,,1.84,,2.4,2.64,,2.98,,-261
"4/30/1958",,,1.45,,2.15,2.46,,2.88,,-260
"5/31/1958",,,1.37,,2.07,2.41,,2.92,,-259
"6/30/1958",,,1.23,,2.08,2.46,,2.97,,-258
"7/31/1958",,,1.61,,2.42,2.77,,3.2,,-257
"8/31/1958",,,2.5,,3.06,3.29,,3.54,,-256
"9/30/1958",,,3.05,,3.52,3.69,,3.76,,-255
"10/31/1958",,,3.19,,3.67,3.78,,3.8,,-254
"11/30/1958",,,3.1,,3.6,3.7,,3.74,,-253
"12/31/1958",,,3.29,,3.72,3.82,,3.86,,-252
"1/31/1959",,,3.36,,3.91,4.01,,4.02,,-251
"2/28/1959",,,3.54,,3.92,3.96,,3.96,,-250
"3/31/1959",,,3.61,,3.97,3.99,,3.99,,-249
"4/30/1959",,,3.72,,4.03,4.12,,4.12,,-248
"5/31/1959",,,3.96,,4.25,4.35,,4.31,,-247
"6/30/1959",,,4.07,,4.52,4.5,,4.34,,-246
"7/31/1959",,,4.39,,4.6,4.58,,4.4,,-245
"8/31/1959",,,4.42,,4.6,4.57,,4.43,,-244
"9/30/1959",,,5,,4.97,4.9,,4.68,,-243
"10/31/1959",,,4.8,,4.78,4.72,,4.53,,-242
"11/30/1959",,,4.81,,4.85,4.75,,4.53,,-241
"12/31/1959",,,5.14,,5.12,5.01,,4.69,,-240
"1/31/1960",,,5.03,,4.99,4.92,,4.72,,-239
"2/29/1960",,,4.66,,4.73,4.69,,4.49,,-238
"3/31/1960",,,4.02,,4.29,4.31,,4.25,,-237
"4/30/1960",,,4.04,,4.27,4.29,,4.28,,-236
"5/31/1960",,,4.21,,4.46,4.49,,4.35,,-235
"6/30/1960",,,3.36,,4.01,4.12,,4.15,,-234
"7/31/1960",,,3.2,,3.63,3.79,,3.9,,-233
"8/31/1960",,,2.95,,3.41,3.62,,3.8,,-232
"9/30/1960",,,3.07,,3.43,3.61,,3.8,,-231
"10/31/1960",,,3.04,,3.53,3.76,,3.89,,-230
"11/30/1960",,,3.08,,3.6,3.81,,3.93,,-229
"12/31/1960",,,2.86,,3.42,3.67,,3.84,,-228
"1/31/1961",,,2.81,,3.39,3.67,,3.84,,-227
"2/28/1961",,,2.93,,3.46,3.66,,3.78,,-226
"3/31/1961",,,2.88,,3.35,3.6,,3.74,,-225
"4/30/1961",,,2.88,,3.33,3.57,,3.78,,-224
"5/31/1961",,,2.87,,3.23,3.47,,3.71,,-223
"6/30/1961",,,3.06,,3.63,3.81,,3.88,,-222
"7/31/1961",,,2.92,,3.59,3.84,,3.92,,-221
"8/31/1961",,,3.06,,3.76,3.96,,4.04,,-220
"9/30/1961",,,3.06,,3.73,3.9,,3.98,,-219
"10/31/1961",,,3.05,,3.62,3.8,,3.92,,-218
"11/30/1961",,,3.07,,3.61,3.82,,3.94,,-217
"12/31/1961",,,3.18,,3.72,3.91,,4.06,,-216
"1/31/1962",,,3.28,,3.76,3.94,,4.08,,-215
"2/28/1962",,,3.28,,3.69,3.89,,4.04,,-214
"3/31/1962",,,3.06,,3.45,3.68,,3.93,,-213
"4/30/1962",,,2.99,,3.38,3.6,,3.84,,-212
"5/31/1962",,,3.03,,3.4,3.66,,3.87,,-211
"6/30/1962",,,3.03,,3.39,3.64,,3.91,,-210
"7/31/1962",,,3.29,,3.62,3.8,,4.01,,-209
"8/31/1962",,,3.2,,3.46,3.71,,3.98,,-208
"9/30/1962",,,3.06,,3.41,3.7,,3.98,,-207
"10/31/1962",,,2.98,,3.33,3.64,,3.93,,-206
"11/30/1962",,,3,,3.4,3.6,,3.92,,-205
"12/31/1962",,,3.01,,3.37,3.56,,3.86,,-204
"1/31/1963",,,3.04,,3.4,3.58,,3.83,,-203
"2/28/1963",,,3.01,,3.39,3.66,,3.92,,-202
"3/31/1963",,,3.03,,3.41,3.68,,3.93,,-201
"4/30/1963",,,3.11,,3.5,3.74,,3.97,,-200
"5/31/1963",,,3.12,,3.54,3.72,,3.93,,-199
"6/30/1963",,,3.2,,3.61,3.81,,3.99,,-198
"7/31/1963",,,3.48,,3.76,3.89,,4.02,,-197
"8/31/1963",,,3.53,,3.77,3.89,,4,,-196
"9/30/1963",,,3.57,,3.82,3.96,,4.08,,-195
"10/31/1963",,,3.64,,3.87,3.97,,4.11,,-194
"11/30/1963",,,3.74,,3.95,4.01,,4.12,,-193
"12/31/1963",,,3.81,,4.01,4.04,,4.13,,-192
"1/31/1964",,,3.79,,4.04,4.07,,4.17,,-191
"2/29/1964",,,3.78,,4,4.03,,4.15,,-190
"3/31/1964",,,3.91,,4.12,4.14,,4.22,,-189
"4/30/1964",,,3.91,,4.15,4.15,,4.23,,-188
"5/31/1964",,,3.84,,4.04,4.05,,4.2,,-187
"6/30/1964",,,3.83,,4.01,4.02,,4.17,,-186
"7/31/1964",,,3.72,,3.93,4.03,,4.19,,-185
"8/31/1964",,,3.74,,3.93,4.05,,4.19,,-184
"9/30/1964",,,3.84,,4.01,4.08,,4.2,,-183
"10/31/1964",,,3.86,,4.02,4.07,,4.19,,-182
"11/30/1964",,,3.91,,4.04,4.04,,4.15,,-181
"12/31/1964",,,4.02,,4.08,4.09,,4.18,,-180
"1/31/1965",,,3.94,,4.03,4.1,,4.19,,-179
"2/28/1965",,,4.03,,4.08,4.15,,4.21,,-178
"3/31/1965",,,4.06,,4.13,4.15,,4.21,,-177
"4/30/1965",,,4.04,,4.12,4.15,,4.2,,-176
"5/31/1965",,,4.03,,4.11,4.15,,4.21,,-175
"6/30/1965",,,3.99,,4.08,4.15,,4.21,,-174
"7/31/1965",,,3.98,,4.09,4.15,,4.2,,-173
"8/31/1965",,,4.07,,4.16,4.2,,4.25,,-172
"9/30/1965",,,4.2,,4.24,4.25,,4.29,,-171
"10/31/1965",,,4.3,,4.33,4.34,,4.35,,-170
"11/30/1965",,,4.37,,4.45,4.46,,4.45,,-169
"12/31/1965",,,4.72,,4.79,4.72,,4.62,,-168
"1/31/1966",,,4.88,,4.9,4.86,,4.61,,-167
"2/28/1966",,,4.94,,5.02,4.98,,4.83,,-166
"3/31/1966",,,4.97,,4.97,4.92,,4.87,,-165
"4/30/1966",,,4.9,,4.89,4.83,,4.75,,-164
"5/31/1966",,,4.93,,5,4.89,,4.78,,-163
"6/30/1966",,,4.97,,5.05,4.97,,4.81,,-162
"7/31/1966",,,5.17,,5.26,5.17,,5.02,,-161
"8/31/1966",,,5.54,,5.68,5.5,,5.22,,-160
"9/30/1966",,,5.82,,5.79,5.5,,5.18,,-159
"10/31/1966",,,5.58,,5.48,5.27,,5.01,,-158
"11/30/1966",,,5.54,,5.53,5.36,,5.16,,-157
"12/31/1966",,,5.2,,5.19,5,,4.84,,-156
"1/31/1967",,,4.75,,4.75,4.7,,4.58,,-155
"2/28/1967",,,4.71,,4.73,4.74,,4.63,,-154
"3/31/1967",,,4.35,,4.47,4.54,,4.54,,-153
"4/30/1967",,,4.11,,4.38,4.51,,4.59,,-152
"5/31/1967",,,4.15,,4.61,4.75,,4.85,,-151
"6/30/1967",,,4.48,,4.89,5.01,,5.02,,-150
"7/31/1967",,,5.01,,5.06,5.23,,5.16,,-149
"8/31/1967",,,5.13,,5.23,5.31,,5.28,,-148
"9/30/1967",,,5.24,,5.41,5.4,,5.3,,-147
"10/31/1967",,,5.37,,5.52,5.57,,5.48,,-146
"11/30/1967",,,5.61,,5.71,5.78,,5.75,,-145
"12/31/1967",,,5.71,,5.71,5.75,,5.7,,-144
"1/31/1968",,,5.43,,5.53,5.54,,5.53,,-143
"2/29/1968",,,5.41,,5.61,5.59,,5.56,,-142
"3/31/1968",,,5.58,,5.8,5.76,,5.74,,-141
"4/30/1968",,,5.71,,5.75,5.69,,5.64,,-140
"5/31/1968",,,6.14,,6.11,6.04,,5.87,,-139
"6/30/1968",,,5.98,,5.82,5.85,,5.72,,-138
"7/31/1968",,,5.65,,5.54,5.6,,5.5,,-137
"8/31/1968",,,5.43,,5.42,5.5,,5.42,,-136
"9/30/1968",,,5.45,,5.39,5.48,,5.46,,-135
"10/31/1968",,,5.57,,5.52,5.55,,5.58,,-134
"11/30/1968",,,5.75,,5.57,5.66,,5.7,,-133
"12/31/1968",,,6.19,,6.16,6.12,,6.03,,-132
"1/31/1969",,,6.34,,6.22,6.25,,6.04,,-131
"2/28/1969",,,6.41,,6.32,6.34,,6.19,,-130
"3/31/1969",,,6.34,,6.38,6.41,,6.3,,-129
"4/30/1969",,,6.26,,6.25,6.3,,6.17,,-128
"5/31/1969",,,6.42,,6.51,6.54,,6.32,,-127
"6/30/1969",,,7.04,,6.83,6.75,,6.57,,-126
"7/31/1969",,,7.6,,7.31,7.01,6.8,6.72,,-125
"8/31/1969",,,7.54,,7.29,7.03,6.79,6.69,,-124
"9/30/1969",,,7.82,,7.77,7.57,7.36,7.16,,-123
"10/31/1969",,,7.64,,7.57,7.51,7.24,7.1,,-122
"11/30/1969",,,7.89,,7.65,7.53,7.17,7.14,,-121
"12/31/1969",,,8.17,,8.1,7.96,7.51,7.65,,-120
"1/31/1970",,,8.1,,8.24,8.17,7.73,7.79,,-119
"2/28/1970",,,7.59,,7.79,7.82,7.51,7.24,,-118
"3/31/1970",,,6.97,,7.15,7.21,7.13,7.07,,-117
"4/30/1970",,,7.06,,7.39,7.5,7.45,7.39,,-116
"5/31/1970",,,7.75,,7.94,7.97,7.93,7.91,,-115
"6/30/1970",,,7.55,,7.84,7.85,7.84,7.84,,-114
"7/31/1970",,,7.1,,7.56,7.59,7.61,7.46,,-113
"8/31/1970",,,6.98,,7.46,7.57,7.59,7.53,,-112
"9/30/1970",,,6.73,,7.11,7.29,7.4,7.39,,-111
"10/31/1970",,,6.43,,6.96,7.12,7.32,7.33,,-110
"11/30/1970",,,5.51,,6.25,6.47,6.76,6.84,,-109
"12/31/1970",,,5,,5.75,5.95,6.23,6.39,,-108
"1/31/1971",,,4.57,,5.61,5.89,6.16,6.24,,-107
"2/28/1971",,,3.89,,5.07,5.56,5.94,6.11,,-106
"3/31/1971",,,3.69,,4.5,5,5.42,5.7,,-105
"4/30/1971",,,4.3,,5.22,5.65,5.87,5.83,,-104
"5/31/1971",,,5.04,,5.97,6.28,6.42,6.39,,-103
"6/30/1971",,,5.64,,6.32,6.53,6.65,6.52,,-102
"7/31/1971",,,6.04,,6.74,6.85,6.92,6.73,,-101
"8/31/1971",,,5.8,,6.35,6.55,6.67,6.58,,-100
"9/30/1971",,,5.41,,5.89,6.14,6.2,6.14,,-99
"10/31/1971",,,4.91,,5.56,5.93,5.98,5.93,,-98
"11/30/1971",,,4.67,,5.35,5.78,5.94,5.81,,-97
"12/31/1971",,,4.6,,5.27,5.69,5.97,5.93,,-96
"1/31/1972",,,4.28,,5.14,5.59,5.91,5.95,,-95
"2/29/1972",,,4.27,,5.25,5.69,5.99,6.08,,-94
"3/31/1972",,,4.67,,5.56,5.87,6.05,6.07,,-93
"4/30/1972",,,4.96,,5.88,6.17,6.22,6.19,,-92
"5/31/1972",,,4.64,,5.55,5.85,6.07,6.13,,-91
"6/30/1972",,,4.93,,5.64,5.91,6.06,6.11,,-90
"7/31/1972",,,4.96,,5.78,5.97,6.09,6.11,,-89
"8/31/1972",,,4.98,,5.79,6.02,6.19,6.21,,-88
"9/30/1972",,,5.52,,6.06,6.25,6.43,6.55,,-87
"10/31/1972",,,5.52,,6.05,6.18,6.35,6.48,,-86
"11/30/1972",,,5.27,,5.94,6.12,6.18,6.28,,-85
"12/31/1972",,,5.52,,6.01,6.16,6.2,6.36,,-84
"1/31/1973",,,5.89,,6.27,6.34,6.36,6.46,,-83
"2/28/1973",,,6.19,,6.58,6.6,6.6,6.64,,-82
"3/31/1973",,,6.85,,6.86,6.8,6.76,6.71,,-81
"4/30/1973",,,6.85,,6.78,6.67,6.67,6.67,,-80
"5/31/1973",,,6.89,,6.83,6.8,6.83,6.85,,-79
"6/30/1973",,,7.31,,6.84,6.69,6.81,6.9,,-78
"7/31/1973",,,8.39,,7.54,7.33,7.23,7.13,,-77
"8/31/1973",,,8.82,,7.89,7.63,7.52,7.4,,-76
"9/30/1973",,,8.31,,7.25,7.05,7.08,7.09,,-75
"10/31/1973",,,7.4,,6.81,6.77,6.78,6.79,,-74
"11/30/1973",,,7.57,,7,6.92,6.89,6.73,,-73
"12/31/1973",,,7.27,,6.81,6.8,6.77,6.74,,-72
"1/31/1974",,,7.42,,6.96,6.95,6.88,6.99,,-71
"2/28/1974",,,6.88,,6.76,6.82,6.92,6.96,,-70
"3/31/1974",,,7.76,,7.35,7.31,7.34,7.21,,-69
"4/30/1974",,,8.62,,8.05,7.92,7.77,7.51,,-68
"5/31/1974",,,8.78,,8.27,8.18,7.93,7.58,,-67
"6/30/1974",,,8.67,,8.15,8.1,7.9,7.54,,-66
"7/31/1974",,,8.8,,8.41,8.38,8.19,7.81,,-65
"8/31/1974",,,9.36,,8.66,8.63,8.41,8.04,,-64
"9/30/1974",,,8.87,,8.41,8.37,8.25,8.04,,-63
"10/31/1974",,,8.05,,8,7.97,7.92,7.9,,-62
"11/30/1974",,,7.66,,7.61,7.68,7.68,7.68,,-61
"12/31/1974",,,7.31,,7.24,7.31,7.38,7.43,,-60
"1/31/1975",,,6.83,,7.23,7.41,7.45,7.5,,-59
"2/28/1975",,,5.98,,6.65,7.11,7.3,7.39,,-58
"3/31/1975",,,6.11,,6.81,7.3,7.58,7.73,,-57
"4/30/1975",,,6.9,,7.76,7.99,8.1,8.23,,-56
"5/31/1975",,,6.39,,7.39,7.72,7.9,8.06,,-55
"6/30/1975",,,6.29,,7.17,7.51,7.69,7.86,,-54
"7/31/1975",,,7.11,,7.72,7.92,7.99,8.06,,-53
"8/31/1975",,,7.7,,8.16,8.33,8.37,8.4,,-52
"9/30/1975",,,7.75,,8.29,8.37,8.39,8.43,,-51
"10/31/1975",,,6.95,,7.81,7.97,8.06,8.14,,-50
"11/30/1975",,,6.49,,7.46,7.8,7.98,8.05,,-49
"12/31/1975",,,6.6,,7.43,7.76,7.93,8,,-48
"1/31/1976",,,5.81,,6.99,7.46,7.67,7.74,,-47
"2/29/1976",,,5.91,,7.06,7.45,7.72,7.79,,-46
"3/31/1976",,,6.21,,7.13,7.49,7.65,7.73,,-45
"4/30/1976",,,5.92,,6.84,7.25,7.44,7.56,,-44
"5/31/1976",,,6.4,,7.27,7.59,7.77,7.9,,-43
"6/30/1976",,,6.52,7.06,7.31,7.61,7.75,7.86,,-42
"7/31/1976",,,6.2,6.85,7.12,7.49,7.7,7.83,,-41
"8/31/1976",,,6,6.63,6.86,7.31,7.58,7.77,,-40
"9/30/1976",,,5.84,6.42,6.66,7.13,7.41,7.59,,-39
"10/31/1976",,,5.5,5.98,6.24,6.75,7.16,7.41,,-38
"11/30/1976",,,5.29,5.81,6.09,6.52,6.86,7.29,,-37
"12/31/1976",,,4.89,5.38,5.68,6.1,6.37,6.87,,-36
"1/31/1977",,,5.29,5.9,6.22,6.58,6.92,7.21,,-35
"2/28/1977",,,5.47,6.09,6.44,6.83,7.16,7.39,7.75,-34
"3/31/1977",,,5.5,6.09,6.47,6.93,7.2,7.46,7.8,-33
"4/30/1977",,,5.44,5.96,6.31,6.79,7.11,7.37,7.73,-32
"5/31/1977",,,5.84,6.25,6.55,6.94,7.26,7.46,7.8,-31
"6/30/1977",,,5.8,6.13,6.39,6.76,7.05,7.28,7.64,-30
"7/31/1977",,,5.94,6.27,6.51,6.84,7.12,7.33,7.64,-29
"8/31/1977",,,6.37,6.61,6.79,7.03,7.24,7.4,7.68,-28
"9/30/1977",,,6.53,6.71,6.84,7.04,7.21,7.34,7.64,-27
"10/31/1977",,,6.97,7.11,7.19,7.32,7.44,7.52,7.77,-26
"11/30/1977",,,6.95,7.14,7.22,7.34,7.46,7.58,7.85,-25
"12/31/1977",,,6.96,7.18,7.3,7.48,7.59,7.69,7.94,-24
"1/31/1978",,,7.28,7.49,7.61,7.77,7.86,7.96,8.18,-23
"2/28/1978",,,7.34,7.57,7.67,7.83,7.94,8.03,8.25,-22
"3/31/1978",,,7.31,7.58,7.7,7.86,7.95,8.04,8.23,-21
"4/30/1978",,,7.45,7.74,7.85,7.98,8.06,8.15,8.34,-20
"5/31/1978",,,7.82,8.01,8.07,8.18,8.25,8.35,8.43,-19
"6/30/1978",,,8.09,8.24,8.3,8.36,8.4,8.46,8.5,-18
"7/31/1978",,,8.39,8.49,8.54,8.54,8.55,8.64,8.65,-17
"8/31/1978",,,8.31,8.37,8.33,8.33,8.38,8.41,8.47,-16
"9/30/1978",,,8.64,8.57,8.41,8.43,8.42,8.42,8.47,-15
"10/31/1978",,,9.14,8.85,8.62,8.61,8.64,8.64,8.67,-14
"11/30/1978",,,10.01,9.42,9.04,8.84,8.8,8.81,8.75,-13
"12/31/1978",,,10.3,9.72,9.33,9.08,9.03,9.01,8.88,-12
"1/31/1979",,,10.41,9.86,9.5,9.2,9.14,9.1,8.94,-11
"2/28/1979",,,10.24,9.72,9.29,9.13,9.11,9.1,9,-10
"3/31/1979",,,10.25,9.79,9.38,9.2,9.15,9.12,9.03,-9
"4/30/1979",,,10.12,9.78,9.43,9.25,9.21,9.18,9.08,-8
"5/31/1979",,,10.12,9.78,9.42,9.24,9.23,9.25,9.19,-7
"6/30/1979",,,9.57,9.22,8.95,8.85,8.86,8.91,8.92,-6
"7/31/1979",,,9.64,9.14,8.94,8.9,8.92,8.95,8.93,-5
"8/31/1979",,,9.98,9.46,9.14,9.06,9.05,9.03,8.98,-4
"9/30/1979",,,10.84,10.06,9.69,9.41,9.38,9.33,9.17,-3
"10/31/1979",,,12.44,11.49,10.95,10.63,10.47,10.3,9.85,-2
"11/30/1979",,,12.39,11.81,11.18,10.93,10.8,10.65,10.3,-1
"12/31/1979",,,11.98,11.39,10.71,10.42,10.42,10.39,10.12,0
"1/31/1980",,,12.06,11.5,10.88,10.74,10.77,10.8,10.6,1
"2/29/1980",,,13.92,13.42,12.84,12.6,12.53,12.41,12.13,2
"3/31/1980",,,15.82,14.88,14.05,13.47,13,12.75,12.34,3
"4/30/1980",,,13.3,12.5,12.02,11.84,11.49,11.47,11.4,4
"5/31/1980",,,9.39,9.45,9.44,9.95,10.09,10.18,10.36,5
"6/30/1980",,,8.16,8.73,8.91,9.21,9.45,9.78,9.81,6
"7/31/1980",,,8.65,9.03,9.27,9.53,9.84,10.25,10.24,7
"8/31/1980",,,10.24,10.53,10.63,10.84,10.95,11.1,11,8
"9/30/1980",,,11.52,11.57,11.57,11.62,11.57,11.51,11.34,9
"10/31/1980",,,12.49,12.09,12.01,11.86,11.79,11.75,11.59,10
"11/30/1980",,,14.15,13.51,13.31,12.83,12.71,12.68,12.37,11
"12/31/1980",,,14.88,14.08,13.65,13.25,13,12.84,12.4,12
"1/31/1981",,,14.08,13.26,13.01,12.77,12.66,12.57,12.14,13
"2/28/1981",,,14.57,13.92,13.65,13.41,13.28,13.19,12.8,14
"3/31/1981",,,13.71,13.57,13.51,13.41,13.24,13.12,12.69,15
"4/30/1981",,,14.32,14.15,14.09,13.99,13.85,13.68,13.2,16
"5/31/1981",,,16.2,15.46,15.08,14.63,14.3,14.1,13.6,17
"6/30/1981",,,14.86,14.51,14.29,13.95,13.67,13.47,12.96,18
"7/31/1981",,,15.72,15.35,15.15,14.79,14.49,14.28,13.59,19
"8/31/1981",,,16.72,16.28,16,15.56,15.22,14.94,14.17,20
"9/30/1981",,,16.52,16.46,16.22,15.93,15.65,15.32,14.67,21
"10/31/1981",,,15.38,15.54,15.5,15.41,15.33,15.15,14.68,22
"11/30/1981",,,12.41,12.88,13.11,13.38,13.42,13.39,13.35,23
"12/31/1981",,,12.85,13.29,13.66,13.6,13.62,13.72,13.45,24
"1/31/1982",12.92,13.9,14.32,14.57,14.64,14.65,14.67,14.59,14.22,25
"2/28/1982",14.28,14.81,14.73,14.82,14.73,14.54,14.46,14.43,14.22,26
"3/31/1982",13.31,13.83,13.95,14.19,14.13,13.98,13.93,13.86,13.53,27
"4/30/1982",13.34,13.87,13.98,14.2,14.18,14,13.94,13.87,13.37,28
"5/31/1982",12.71,13.13,13.34,13.78,13.77,13.75,13.74,13.62,13.24,29
"6/30/1982",13.08,13.76,14.07,14.47,14.48,14.43,14.47,14.3,13.92,30
"7/31/1982",11.86,12.8,13.24,13.8,14,14.07,14.07,13.95,13.55,31
"8/31/1982",9,10.51,11.43,12.32,12.62,13,13.14,13.06,12.77,32
"9/30/1982",8.19,9.83,10.85,11.78,12.03,12.25,12.36,12.34,12.07,33
"10/31/1982",7.97,8.63,9.32,10.19,10.62,10.8,10.88,10.91,11.17,34
"11/30/1982",8.35,8.8,9.16,9.8,9.98,10.38,10.53,10.55,10.54,35
"12/31/1982",8.2,8.59,8.91,9.66,9.88,10.22,10.49,10.54,10.54,36
"1/31/1983",8.12,8.33,8.62,9.33,9.64,10.03,10.36,10.46,10.63,37
"2/28/1983",8.39,8.65,8.92,9.64,9.91,10.26,10.56,10.72,10.88,38
"3/31/1983",8.66,8.86,9.04,9.66,9.84,10.08,10.31,10.51,10.63,39
"4/30/1983",8.51,8.78,8.98,9.57,9.76,10.02,10.29,10.4,10.48,40
"5/31/1983",8.5,8.7,8.9,9.49,9.66,10.03,10.3,10.38,10.53,41
"6/30/1983",9.14,9.44,9.66,10.18,10.32,10.63,10.83,10.85,10.93,42
"7/31/1983",9.45,9.85,10.2,10.69,10.9,11.21,11.35,11.38,11.4,43
"8/31/1983",9.74,10.16,10.53,11.07,11.3,11.63,11.77,11.85,11.82,44
"9/30/1983",9.36,9.73,10.16,10.79,11.07,11.43,11.61,11.65,11.63,45
"10/31/1983",8.99,9.39,9.81,10.57,10.87,11.28,11.47,11.54,11.58,46
"11/30/1983",9.11,9.48,9.94,10.66,10.96,11.41,11.61,11.69,11.75,47
"12/31/1983",9.36,9.76,10.11,10.84,11.13,11.54,11.78,11.83,11.88,48
"1/31/1984",9.26,9.56,9.9,10.64,10.93,11.37,11.58,11.67,11.75,49
"2/29/1984",9.46,9.77,10.04,10.79,11.05,11.54,11.75,11.84,11.95,50
"3/31/1984",9.89,10.27,10.59,11.31,11.59,12.02,12.25,12.32,12.38,51
"4/30/1984",10.07,10.47,10.9,11.69,11.98,12.37,12.56,12.63,12.65,52
"5/31/1984",10.22,11.02,11.66,12.47,12.75,13.17,13.34,13.41,13.43,53
"6/30/1984",10.26,11.24,12.08,12.91,13.18,13.48,13.56,13.56,13.44,54
"7/31/1984",10.53,11.27,12.03,12.88,13.08,13.27,13.35,13.36,13.21,55
"8/31/1984",10.9,11.37,11.82,12.43,12.5,12.68,12.75,12.72,12.54,56
"9/30/1984",10.8,11.19,11.58,12.2,12.34,12.53,12.6,12.52,12.29,57
"10/31/1984",10.12,10.52,10.9,11.6,11.85,12.06,12.16,12.16,11.98,58
"11/30/1984",8.92,9.34,9.82,10.65,10.9,11.33,11.49,11.57,11.56,59
"12/31/1984",8.34,8.76,9.33,10.18,10.56,11.07,11.45,11.5,11.52,60
"1/31/1985",8.02,8.45,9.02,9.93,10.43,10.93,11.27,11.38,11.45,61
"2/28/1985",8.56,8.87,9.29,10.17,10.55,11.13,11.44,11.51,11.47,62
"3/31/1985",8.83,9.45,9.86,10.71,11.05,11.52,11.82,11.86,11.81,63
"4/30/1985",8.22,8.71,9.14,10.09,10.49,11.01,11.34,11.43,11.47,64
"5/31/1985",7.73,8.07,8.46,9.39,9.75,10.34,10.72,10.85,11.05,65
"6/30/1985",7.18,7.46,7.8,8.69,9.05,9.6,10.08,10.16,10.45,66
"7/31/1985",7.32,7.57,7.86,8.77,9.18,9.7,10.16,10.31,10.5,67
"8/31/1985",7.37,7.71,8.05,8.94,9.31,9.81,10.2,10.33,10.56,68
"9/30/1985",7.33,7.64,8.07,8.98,9.37,9.81,10.24,10.37,10.61,69
"10/31/1985",7.4,7.71,8.01,8.86,9.25,9.69,10.11,10.24,10.5,70
"11/30/1985",7.48,7.68,7.88,8.58,8.88,9.28,9.62,9.78,10.06,71
"12/31/1985",7.33,7.5,7.67,8.15,8.4,8.73,9.11,9.26,9.54,72
"1/31/1986",7.3,7.53,7.73,8.14,8.41,8.68,9.03,9.19,9.4,73
"2/28/1986",7.29,7.47,7.61,7.97,8.1,8.34,8.58,8.7,8.93,74
"3/31/1986",6.76,6.89,7.03,7.21,7.3,7.46,7.67,7.78,7.96,75
"4/30/1986",6.24,6.36,6.44,6.7,6.86,7.05,7.16,7.3,7.39,76
"5/31/1986",6.33,6.47,6.65,7.07,7.27,7.52,7.65,7.71,7.52,77
"6/30/1986",6.4,6.56,6.73,7.18,7.41,7.64,7.75,7.8,7.57,78
"7/31/1986",6,6.12,6.27,6.67,6.86,7.06,7.22,7.3,7.27,79
"8/31/1986",5.69,5.79,5.93,6.33,6.49,6.8,7.01,7.17,7.33,80
"9/30/1986",5.35,5.57,5.77,6.35,6.62,6.92,7.28,7.45,7.62,81
"10/31/1986",5.32,5.48,5.72,6.28,6.56,6.83,7.24,7.43,7.7,82
"11/30/1986",5.5,5.64,5.8,6.28,6.46,6.76,7.08,7.25,7.52,83
"12/31/1986",5.68,5.78,5.87,6.27,6.43,6.67,6.97,7.11,7.37,84
"1/31/1987",5.58,5.67,5.78,6.23,6.41,6.64,6.92,7.08,7.39,85
"2/28/1987",5.75,5.83,5.96,6.4,6.56,6.79,7.06,7.25,7.54,86
"3/31/1987",5.77,5.86,6.03,6.42,6.58,6.79,7.06,7.25,7.55,87
"4/30/1987",5.82,6.19,6.5,7.02,7.32,7.57,7.83,8.02,8.25,88
"5/31/1987",5.85,6.35,7,7.76,8.02,8.26,8.47,8.61,8.78,89
"6/30/1987",5.85,6.28,6.8,7.57,7.82,8.02,8.27,8.4,8.57,90
"7/31/1987",5.88,6.05,6.68,7.44,7.74,8.01,8.27,8.45,8.64,91
"8/31/1987",6.23,6.46,7.03,7.75,8.03,8.32,8.59,8.76,8.97,92
"9/30/1987",6.62,6.99,7.67,8.34,8.67,8.94,9.26,9.42,9.59,93
"10/31/1987",6.35,7.04,7.59,8.4,8.75,9.08,9.37,9.52,9.61,94
"11/30/1987",5.89,6.5,6.96,7.69,7.99,8.35,8.69,8.86,8.95,95
"12/31/1987",5.96,6.68,7.17,7.86,8.13,8.45,8.82,8.99,9.12,96
"1/31/1988",6,6.56,6.99,7.63,7.87,8.18,8.48,8.67,8.83,97
"2/29/1988",5.84,6.21,6.64,7.18,7.38,7.71,8.02,8.21,8.43,98
"3/31/1988",5.87,6.18,6.71,7.27,7.5,7.83,8.19,8.37,8.63,99
"4/30/1988",6.08,6.5,7.01,7.59,7.83,8.19,8.52,8.72,8.95,100
"5/31/1988",6.45,6.89,7.4,8,8.24,8.58,8.89,9.09,9.23,101
"6/30/1988",6.66,7.04,7.49,8.03,8.22,8.49,8.78,8.92,9,102
"7/31/1988",6.95,7.35,7.75,8.28,8.44,8.66,8.91,9.06,9.14,103
"8/31/1988",7.3,7.79,8.17,8.63,8.77,8.94,9.13,9.26,9.32,104
"9/30/1988",7.48,7.82,8.09,8.46,8.57,8.69,8.87,8.98,9.06,105
"10/31/1988",7.6,7.9,8.11,8.35,8.43,8.51,8.69,8.8,8.89,106
"11/30/1988",8.03,8.3,8.48,8.67,8.72,8.79,8.89,8.96,9.02,107
"12/31/1988",8.35,8.7,8.99,9.09,9.11,9.09,9.13,9.11,9.01,108
"1/31/1989",8.56,8.85,9.05,9.18,9.2,9.15,9.14,9.09,8.93,109
"2/28/1989",8.84,9.05,9.25,9.37,9.32,9.27,9.23,9.17,9.01,110
"3/31/1989",9.14,9.39,9.57,9.68,9.61,9.51,9.43,9.36,9.17,111
"4/30/1989",8.96,9.17,9.36,9.45,9.4,9.3,9.24,9.18,9.03,112
"5/31/1989",8.74,8.91,8.98,9.02,8.98,8.91,8.88,8.86,8.83,113
"6/30/1989",8.43,8.38,8.44,8.41,8.37,8.29,8.31,8.28,8.27,114
"7/31/1989",8.15,8.01,7.89,7.82,7.83,7.83,7.94,8.02,8.08,115
"8/31/1989",8.17,8.17,8.18,8.14,8.13,8.09,8.11,8.11,8.12,116
"9/30/1989",8.01,8.16,8.22,8.28,8.26,8.17,8.23,8.19,8.15,117
"10/31/1989",7.9,8.03,7.99,7.98,8.02,7.97,8.03,8.01,8,118
"11/30/1989",7.94,7.89,7.77,7.8,7.8,7.81,7.86,7.87,7.9,119
"12/31/1989",7.88,7.81,7.72,7.78,7.77,7.75,7.85,7.84,7.9,120
"1/31/1990",7.9,7.96,7.92,8.09,8.13,8.12,8.2,8.21,8.26,121
"2/28/1990",8,8.12,8.11,8.37,8.39,8.42,8.48,8.47,8.5,122
"3/31/1990",8.17,8.28,8.35,8.63,8.63,8.6,8.65,8.59,8.56,123
"4/30/1990",8.04,8.27,8.4,8.72,8.78,8.77,8.81,8.79,8.76,124
"5/31/1990",8.01,8.19,8.32,8.64,8.69,8.74,8.78,8.76,8.73,125
"6/30/1990",7.99,8.05,8.1,8.35,8.4,8.43,8.52,8.48,8.46,126
"7/31/1990",7.87,7.92,7.94,8.16,8.26,8.33,8.46,8.47,8.5,127
"8/31/1990",7.69,7.77,7.78,8.06,8.22,8.44,8.64,8.75,8.86,128
"9/30/1990",7.6,7.7,7.76,8.08,8.27,8.51,8.79,8.89,9.03,129
"10/31/1990",7.4,7.53,7.55,7.88,8.07,8.33,8.59,8.72,8.86,130
"11/30/1990",7.29,7.39,7.31,7.6,7.74,8.02,8.28,8.39,8.54,131
"12/31/1990",6.95,7.03,7.05,7.31,7.47,7.73,8,8.08,8.24,132
"1/31/1991",6.41,6.58,6.64,7.13,7.38,7.7,7.97,8.09,8.27,133
"2/28/1991",6.12,6.19,6.27,6.87,7.08,7.47,7.73,7.85,8.03,134
"3/31/1991",6.09,6.2,6.4,7.1,7.35,7.77,8,8.11,8.29,135
"4/30/1991",5.83,5.98,6.24,6.95,7.23,7.7,7.92,8.04,8.21,136
"5/31/1991",5.63,5.87,6.13,6.78,7.12,7.7,7.94,8.07,8.27,137
"6/30/1991",5.75,6.02,6.36,6.96,7.39,7.94,8.17,8.28,8.47,138
"7/31/1991",5.75,5.97,6.31,6.92,7.38,7.91,8.15,8.27,8.45,139
"8/31/1991",5.5,5.63,5.78,6.43,6.8,7.43,7.74,7.9,8.14,140
"9/30/1991",5.37,5.48,5.57,6.18,6.5,7.14,7.48,7.65,7.95,141
"10/31/1991",5.14,5.26,5.33,5.91,6.23,6.87,7.25,7.53,7.93,142
"11/30/1991",4.69,4.8,4.89,5.56,5.9,6.62,7.06,7.42,7.92,143
"12/31/1991",4.18,4.26,4.38,5.03,5.39,6.19,6.69,7.09,7.7,144
"1/31/1992",3.91,4.01,4.15,4.96,5.4,6.24,6.7,7.03,7.58,145
"2/29/1992",3.95,4.08,4.29,5.21,5.72,6.58,6.96,7.34,7.85,146
"3/31/1992",4.14,4.33,4.63,5.69,6.18,6.95,7.26,7.54,7.97,147
"4/30/1992",3.84,4,4.3,5.34,5.93,6.78,7.15,7.48,7.96,148
"5/31/1992",3.72,3.88,4.19,5.23,5.81,6.69,7.06,7.39,7.89,149
"6/30/1992",3.75,3.9,4.17,5.05,5.6,6.48,6.9,7.26,7.84,150
"7/31/1992",3.28,3.38,3.6,4.36,4.91,5.84,6.36,6.84,7.6,151
"8/31/1992",3.2,3.31,3.47,4.19,4.72,5.6,6.12,6.59,7.39,152
"9/30/1992",2.97,3.04,3.18,3.89,4.42,5.38,5.96,6.42,7.34,153
"10/31/1992",2.93,3.13,3.3,4.08,4.64,5.6,6.15,6.59,7.53,154
"11/30/1992",3.21,3.44,3.68,4.58,5.14,6.04,6.49,6.87,7.61,155
"12/31/1992",3.29,3.47,3.71,4.67,5.21,6.08,6.46,6.77,7.44,156
"1/31/1993",3.07,3.24,3.5,4.39,4.93,5.83,6.26,6.6,7.34,157
"2/28/1993",2.99,3.16,3.39,4.1,4.58,5.43,5.87,6.26,7.09,158
"3/31/1993",3.01,3.15,3.33,3.95,4.4,5.19,5.66,5.98,6.82,159
"4/30/1993",2.93,3.06,3.24,3.84,4.3,5.13,5.59,5.97,6.85,160
"5/31/1993",3.03,3.17,3.36,3.98,4.4,5.2,5.66,6.04,6.92,161
"6/30/1993",3.14,3.29,3.54,4.16,4.53,5.22,5.61,5.96,6.81,162
"7/31/1993",3.11,3.26,3.47,4.07,4.43,5.09,5.48,5.81,6.63,163
"8/31/1993",3.09,3.24,3.44,4,4.36,5.03,5.35,5.68,6.32,164
"9/30/1993",3.01,3.15,3.36,3.85,4.17,4.73,5.08,5.36,6,165
"10/31/1993",3.09,3.22,3.39,3.87,4.18,4.71,5.05,5.33,5.94,166
"11/30/1993",3.18,3.36,3.58,4.16,4.5,5.06,5.45,5.72,6.21,167
"12/31/1993",3.13,3.34,3.61,4.21,4.54,5.15,5.48,5.77,6.25,168
"1/31/1994",3.04,3.25,3.54,4.14,4.48,5.09,5.43,5.75,6.29,169
"2/28/1994",3.33,3.53,3.87,4.47,4.83,5.4,5.72,5.97,6.49,170
"3/31/1994",3.59,3.92,4.32,5,5.4,5.94,6.28,6.48,6.91,171
"4/30/1994",3.78,4.25,4.82,5.55,5.99,6.52,6.8,6.97,7.27,172
"5/31/1994",4.27,4.79,5.31,5.97,6.34,6.78,7.01,7.18,7.41,173
"6/30/1994",4.25,4.72,5.27,5.93,6.27,6.7,6.91,7.1,7.4,174
"7/31/1994",4.46,4.95,5.48,6.13,6.48,6.91,7.12,7.3,7.58,175
"8/31/1994",4.61,5.08,5.56,6.18,6.5,6.88,7.06,7.24,7.49,176
"9/30/1994",4.75,5.24,5.76,6.39,6.69,7.08,7.28,7.46,7.71,177
"10/31/1994",5.1,5.62,6.11,6.73,7.04,7.4,7.58,7.74,7.94,178
"11/30/1994",5.45,5.98,6.54,7.15,7.44,7.72,7.83,7.96,8.08,179
"12/31/1994",5.76,6.5,7.14,7.59,7.71,7.78,7.8,7.81,7.87,180
"1/31/1995",5.9,6.51,7.05,7.51,7.66,7.76,7.79,7.78,7.85,181
"2/28/1995",5.94,6.31,6.7,7.11,7.25,7.37,7.44,7.47,7.61,182
"3/31/1995",5.91,6.17,6.43,6.78,6.89,7.05,7.14,7.2,7.45,183
"4/30/1995",5.84,6.05,6.27,6.57,6.68,6.86,6.95,7.06,7.36,184
"5/31/1995",5.85,5.93,6,6.17,6.27,6.41,6.5,6.63,6.95,185
"6/30/1995",5.64,5.66,5.64,5.72,5.8,5.93,6.05,6.17,6.57,186
"7/31/1995",5.59,5.62,5.59,5.78,5.89,6.01,6.2,6.28,6.72,187
"8/31/1995",5.57,5.65,5.75,5.98,6.1,6.24,6.41,6.49,6.86,188
"9/30/1995",5.43,5.54,5.62,5.81,5.89,6,6.13,6.2,6.55,189
"10/31/1995",5.44,5.56,5.59,5.7,5.77,5.86,5.97,6.04,6.37,190
"11/30/1995",5.52,5.51,5.43,5.48,5.57,5.69,5.83,5.93,6.26,191
"12/31/1995",5.29,5.35,5.31,5.32,5.39,5.51,5.63,5.71,6.06,192
"1/31/1996",5.15,5.13,5.09,5.11,5.2,5.36,5.54,5.65,6.05,193
"2/29/1996",4.96,4.97,4.94,5.03,5.14,5.38,5.64,5.81,6.24,194
"3/31/1996",5.1,5.16,5.34,5.66,5.79,5.97,6.19,6.27,6.6,195
"4/30/1996",5.09,5.27,5.54,5.96,6.11,6.3,6.48,6.51,6.79,196
"5/31/1996",5.15,5.33,5.64,6.1,6.27,6.48,6.66,6.74,6.93,197
"6/30/1996",5.23,5.46,5.81,6.3,6.49,6.69,6.83,6.91,7.06,198
"7/31/1996",5.3,5.52,5.85,6.27,6.45,6.64,6.76,6.87,7.03,199
"8/31/1996",5.19,5.34,5.67,6.03,6.21,6.39,6.52,6.64,6.84,200
"9/30/1996",5.24,5.45,5.83,6.23,6.41,6.6,6.73,6.83,7.03,201
"10/31/1996",5.12,5.32,5.55,5.91,6.08,6.27,6.42,6.53,6.81,202
"11/30/1996",5.17,5.27,5.42,5.7,5.82,5.97,6.1,6.2,6.48,203
"12/31/1996",5.04,5.24,5.47,5.78,5.91,6.07,6.2,6.3,6.55,204
"1/31/1997",5.17,5.31,5.61,6.01,6.16,6.33,6.47,6.58,6.83,205
"2/28/1997",5.14,5.27,5.53,5.9,6.03,6.2,6.32,6.42,6.69,206
"3/31/1997",5.28,5.48,5.8,6.22,6.38,6.54,6.65,6.69,6.93,207
"4/30/1997",5.3,5.6,5.99,6.45,6.61,6.76,6.86,6.89,7.09,208
"5/31/1997",5.2,5.53,5.87,6.28,6.42,6.57,6.66,6.71,6.94,209
"6/30/1997",5.07,5.34,5.69,6.09,6.24,6.38,6.46,6.49,6.77,210
"7/31/1997",5.19,5.33,5.54,5.89,6,6.12,6.2,6.22,6.51,211
"8/31/1997",5.28,5.4,5.56,5.94,6.06,6.16,6.29,6.3,6.58,212
"9/30/1997",5.08,5.3,5.52,5.88,5.98,6.11,6.2,6.21,6.5,213
"10/31/1997",5.11,5.3,5.46,5.77,5.84,5.93,6.05,6.03,6.33,214
"11/30/1997",5.28,5.38,5.46,5.71,5.76,5.8,5.9,5.88,6.11,215
"12/31/1997",5.3,5.45,5.53,5.72,5.74,5.77,5.83,5.81,5.99,216
"1/31/1998",5.18,5.23,5.24,5.36,5.38,5.42,5.53,5.54,5.81,217
"2/28/1998",5.23,5.27,5.31,5.42,5.43,5.49,5.6,5.57,5.89,218
"3/31/1998",5.16,5.25,5.39,5.56,5.57,5.61,5.71,5.65,5.95,219
"4/30/1998",5.08,5.26,5.38,5.56,5.58,5.61,5.7,5.64,5.92,220
"5/31/1998",5.14,5.36,5.44,5.59,5.61,5.63,5.72,5.65,5.93,221
"6/30/1998",5.12,5.32,5.41,5.52,5.52,5.52,5.56,5.5,5.7,222
"7/31/1998",5.09,5.23,5.36,5.46,5.47,5.46,5.52,5.46,5.68,223
"8/31/1998",5.04,5.15,5.21,5.27,5.24,5.27,5.36,5.34,5.54,224
"9/30/1998",4.74,4.81,4.71,4.67,4.62,4.62,4.76,4.81,5.2,225
"10/31/1998",4.07,4.2,4.12,4.09,4.18,4.18,4.46,4.53,5.01,226
"11/30/1998",4.53,4.59,4.53,4.54,4.57,4.54,4.78,4.83,5.25,227
"12/31/1998",4.5,4.57,4.52,4.51,4.48,4.45,4.65,4.65,5.06,228
"1/31/1999",4.45,4.49,4.51,4.62,4.61,4.6,4.8,4.72,5.16,229
"2/28/1999",4.56,4.61,4.7,4.88,4.9,4.91,5.1,5,5.37,230
"3/31/1999",4.57,4.65,4.78,5.05,5.11,5.14,5.36,5.23,5.58,231
"4/30/1999",4.41,4.54,4.69,4.98,5.03,5.08,5.28,5.18,5.55,232
"5/31/1999",4.63,4.75,4.85,5.25,5.33,5.44,5.64,5.54,5.81,233
"6/30/1999",4.72,5.03,5.1,5.62,5.7,5.81,6.05,5.9,6.04,234
"7/31/1999",4.69,4.75,5.03,5.55,5.62,5.68,5.94,5.79,5.98,235
"8/31/1999",4.87,5.09,5.2,5.68,5.77,5.84,6.15,5.94,6.07,236
"9/30/1999",4.82,5.08,5.25,5.66,5.75,5.8,6.12,5.92,6.07,237
"10/31/1999",5.02,5.2,5.43,5.86,5.94,6.03,6.33,6.11,6.26,238
"11/30/1999",5.23,5.43,5.55,5.86,5.92,5.97,6.17,6.03,6.15,239
"12/31/1999",5.36,5.68,5.84,6.1,6.14,6.19,6.38,6.28,6.35,240
"1/31/2000",5.5,5.76,6.12,6.44,6.49,6.58,6.7,6.66,6.63,241
"2/29/2000",5.73,6,6.22,6.61,6.65,6.68,6.72,6.52,6.23,242
"3/31/2000",5.86,6.11,6.22,6.53,6.53,6.5,6.51,6.26,6.05,243
"4/30/2000",5.82,6.07,6.15,6.4,6.36,6.26,6.27,5.99,5.85,244
"5/31/2000",5.99,6.39,6.33,6.81,6.77,6.69,6.69,6.44,6.15,245
"6/30/2000",5.86,6.24,6.17,6.48,6.43,6.3,6.33,6.1,5.93,246
"7/31/2000",6.14,6.27,6.08,6.34,6.28,6.18,6.22,6.05,5.85,247
"8/31/2000",6.28,6.35,6.18,6.23,6.17,6.06,6.05,5.83,5.72,248
"9/30/2000",6.18,6.25,6.13,6.08,6.02,5.93,5.98,5.8,5.83,249
"10/31/2000",6.29,6.32,6.01,5.91,5.85,5.78,5.84,5.74,5.8,250
"11/30/2000",6.36,6.34,6.09,5.88,5.79,5.7,5.78,5.72,5.78,251
"12/31/2000",5.94,5.92,5.6,5.35,5.26,5.17,5.28,5.24,5.49,252
"1/31/2001",5.29,5.15,4.81,4.76,4.77,4.86,5.13,5.16,5.54,253
"2/28/2001",5.01,4.89,4.68,4.66,4.71,4.89,5.1,5.1,5.45,254
"3/31/2001",4.54,4.44,4.3,4.34,4.43,4.64,4.88,4.89,5.34,255
"4/30/2001",3.97,3.99,3.98,4.23,4.42,4.76,5.03,5.14,5.65,256
"5/31/2001",3.7,3.74,3.78,4.26,4.51,4.93,5.24,5.39,5.78,257
"6/30/2001",3.57,3.56,3.58,4.08,4.35,4.81,5.14,5.28,5.67,258
"7/31/2001",3.59,3.56,3.62,4.04,4.31,4.76,5.06,5.24,5.61,259
"8/31/2001",3.44,3.39,3.47,3.76,4.04,4.57,4.84,4.97,5.48,260
"9/30/2001",2.69,2.71,2.82,3.12,3.45,4.12,4.51,4.73,5.48,261
"10/31/2001",2.2,2.17,2.33,2.73,3.14,3.91,4.31,4.57,5.32,262
"11/30/2001",1.91,1.92,2.18,2.78,3.22,3.97,4.42,4.65,5.12,263
"12/31/2001",1.72,1.82,2.22,3.11,3.62,4.39,4.86,5.09,5.48,264
"1/31/2002",1.68,1.77,2.16,3.03,3.56,4.34,4.79,5.04,5.45,265
"2/28/2002",1.76,1.86,2.23,3.02,3.55,4.3,4.71,4.91,5.4,266
"3/31/2002",1.83,2.06,2.57,3.56,4.14,4.74,5.14,5.28,,267
"4/30/2002",1.75,1.98,2.48,3.42,4.01,4.65,5.02,5.21,,268
"5/31/2002",1.76,1.91,2.35,3.26,3.8,4.49,4.9,5.16,,269
"6/30/2002",1.73,1.83,2.2,2.99,3.49,4.19,4.6,4.93,,270
"7/31/2002",1.71,1.74,1.96,2.56,3.01,3.81,4.3,4.65,,271
"8/31/2002",1.65,1.64,1.76,2.13,2.52,3.29,3.88,4.26,,272
"9/30/2002",1.66,1.64,1.72,2,2.32,2.94,3.5,3.87,,273
"10/31/2002",1.61,1.59,1.65,1.91,2.25,2.95,3.54,3.94,,274
"11/30/2002",1.25,1.3,1.49,1.92,2.32,3.05,3.64,4.05,,275
"12/31/2002",1.21,1.27,1.45,1.84,2.23,3.03,3.63,4.03,,276
"1/31/2003",1.19,1.22,1.36,1.74,2.18,3.05,3.6,4.05,,277
"2/28/2003",1.19,1.2,1.3,1.63,2.05,2.9,3.45,3.9,,278
"3/31/2003",1.15,1.16,1.24,1.57,1.98,2.78,3.34,3.81,,279
"4/30/2003",1.15,1.17,1.27,1.62,2.06,2.93,3.47,3.96,,280
"5/31/2003",1.09,1.11,1.18,1.42,1.75,2.52,3.07,3.57,,281
"6/30/2003",.94,.94,1.01,1.23,1.51,2.27,2.84,3.33,,282
"7/31/2003",.92,.97,1.12,1.47,1.93,2.87,3.45,3.98,,283
"8/31/2003",.97,1.05,1.31,1.86,2.44,3.37,3.96,4.45,,284
"9/30/2003",.96,1.03,1.24,1.71,2.23,3.18,3.74,4.27,,285
"10/31/2003",.94,1.02,1.25,1.75,2.26,3.19,3.75,4.29,,286
"11/30/2003",.95,1.04,1.34,1.93,2.45,3.29,3.81,4.3,,287
"12/31/2003",.91,1.01,1.31,1.91,2.44,3.27,3.79,4.27,,288
"1/31/2004",.9,.99,1.24,1.76,2.27,3.12,3.65,4.15,,289
"2/29/2004",.94,1.01,1.24,1.74,2.25,3.07,3.59,4.08,,290
"3/31/2004",.95,1.01,1.19,1.58,2,2.79,3.31,3.83,,291
"4/30/2004",.96,1.11,1.43,2.07,2.57,3.39,3.89,4.35,,292
"5/31/2004",1.04,1.33,1.78,2.53,3.1,3.85,4.31,4.72,,293
"6/30/2004",1.29,1.64,2.12,2.76,3.26,3.93,4.35,4.73,,294
"7/31/2004",1.36,1.7,2.1,2.64,3.05,3.69,4.11,4.5,,295
"8/31/2004",1.5,1.76,2.02,2.51,2.88,3.47,3.9,4.28,,296
"9/30/2004",1.68,1.91,2.12,2.53,2.83,3.36,3.75,4.13,,297
"10/31/2004",1.79,2.05,2.23,2.58,2.85,3.35,3.75,4.1,,298
"11/30/2004",2.11,2.32,2.5,2.85,3.09,3.53,3.88,4.19,,299
"12/31/2004",2.22,2.5,2.67,3.01,3.21,3.6,3.93,4.23,,300
"1/31/2005",2.37,2.68,2.86,3.22,3.39,3.71,3.97,4.22,,301
"2/28/2005",2.58,2.85,3.03,3.38,3.54,3.77,3.97,4.17,,302
"3/31/2005",2.8,3.09,3.3,3.73,3.91,4.17,4.33,4.5,,303
"4/30/2005",2.84,3.14,3.32,3.65,3.79,4,4.16,4.34,,304
"5/31/2005",2.9,3.17,3.33,3.64,3.72,3.85,3.94,4.14,,305
"6/30/2005",3.04,3.22,3.36,3.64,3.69,3.77,3.86,4,,306
"7/31/2005",3.29,3.53,3.64,3.87,3.91,3.98,4.06,4.18,,307
"8/31/2005",3.52,3.78,3.87,4.04,4.08,4.12,4.18,4.26,,308
"9/30/2005",3.49,3.79,3.85,3.95,3.96,4.01,4.08,4.2,,309
"10/31/2005",3.79,4.13,4.18,4.27,4.29,4.33,4.38,4.46,,310
"11/30/2005",3.97,4.3,4.33,4.42,4.43,4.45,4.48,4.54,,311
"12/31/2005",3.97,4.33,4.35,4.4,4.39,4.39,4.41,4.47,,312
"1/31/2006",4.34,4.47,4.45,4.4,4.35,4.35,4.37,4.42,,313
"2/28/2006",4.54,4.69,4.68,4.67,4.64,4.57,4.56,4.57,4.54,314
"3/31/2006",4.63,4.79,4.77,4.73,4.74,4.72,4.71,4.72,4.73,315
"4/30/2006",4.72,4.9,4.9,4.89,4.89,4.9,4.94,4.99,5.06,316
"5/31/2006",4.84,5.01,5,4.97,4.97,5,5.03,5.11,5.2,317
"6/30/2006",4.92,5.17,5.16,5.12,5.09,5.07,5.08,5.11,5.15,318
"7/31/2006",5.08,5.27,5.22,5.12,5.07,5.04,5.05,5.09,5.13,319
"8/31/2006",5.09,5.17,5.08,4.9,4.85,4.82,4.83,4.88,5,320
"9/30/2006",4.93,5.08,4.97,4.77,4.69,4.67,4.68,4.72,4.85,321
"10/31/2006",5.05,5.12,5.01,4.8,4.72,4.69,4.69,4.73,4.85,322
"11/30/2006",5.07,5.15,5.01,4.74,4.64,4.58,4.58,4.6,4.69,323
"12/31/2006",4.97,5.07,4.94,4.67,4.58,4.53,4.54,4.56,4.68,324
"1/31/2007",5.11,5.15,5.06,4.88,4.79,4.75,4.75,4.76,4.85,325
"2/28/2007",5.16,5.16,5.05,4.85,4.75,4.71,4.71,4.72,4.82,326
"3/31/2007",5.08,5.1,4.92,4.57,4.51,4.48,4.5,4.56,4.72,327
"4/30/2007",5.01,5.07,4.93,4.67,4.6,4.59,4.62,4.69,4.87,328
"5/31/2007",4.87,4.98,4.91,4.77,4.69,4.67,4.69,4.75,4.9,329
"6/30/2007",4.74,4.95,4.96,4.98,5,5.03,5.05,5.1,5.2,330
"7/31/2007",4.96,5.04,4.96,4.82,4.82,4.88,4.93,5,5.11,331
"8/31/2007",4.32,4.55,4.47,4.31,4.34,4.43,4.53,4.67,4.93,332
"9/30/2007",3.99,4.2,4.14,4.01,4.06,4.2,4.33,4.52,4.79,333
"10/31/2007",4,4.16,4.1,3.97,4.01,4.2,4.33,4.53,4.77,334
"11/30/2007",3.35,3.58,3.5,3.34,3.35,3.67,3.87,4.15,4.52,335
"12/31/2007",3.07,3.34,3.26,3.12,3.13,3.49,3.74,4.1,4.53,336
"1/31/2008",2.82,2.84,2.71,2.48,2.51,2.98,3.31,3.74,4.33,337
"2/29/2008",2.17,2.1,2.05,1.97,2.19,2.78,3.21,3.74,4.52,338
"3/31/2008",1.28,1.51,1.54,1.62,1.8,2.48,2.93,3.51,4.39,339
"4/30/2008",1.31,1.58,1.74,2.05,2.23,2.84,3.19,3.68,4.44,340
"5/31/2008",1.76,1.86,2.06,2.45,2.69,3.15,3.46,3.88,4.6,341
"6/30/2008",1.89,2.19,2.42,2.77,3.08,3.49,3.73,4.1,4.69,342
"7/31/2008",1.66,1.98,2.28,2.57,2.87,3.3,3.6,4.01,4.57,343
"8/31/2008",1.75,1.97,2.18,2.42,2.7,3.14,3.46,3.89,4.5,344
"9/30/2008",1.15,1.64,1.91,2.08,2.32,2.88,3.25,3.69,4.27,345
"10/31/2008",.69,1.23,1.42,1.61,1.86,2.73,3.19,3.81,4.17,346
"11/30/2008",.19,.74,1.07,1.21,1.51,2.29,2.82,3.53,4,347
"12/31/2008",.03,.26,.49,.82,1.07,1.52,1.89,2.42,2.87,348
"1/31/2009",.13,.3,.44,.81,1.13,1.6,1.98,2.52,3.13,349
"2/28/2009",.3,.46,.62,.98,1.37,1.87,2.3,2.87,3.59,350
"3/31/2009",.22,.43,.64,.93,1.31,1.82,2.42,2.82,3.64,351
"4/30/2009",.16,.35,.55,.93,1.32,1.86,2.47,2.93,3.76,352
"5/31/2009",.18,.3,.5,.93,1.39,2.13,2.81,3.29,4.23,353
"6/30/2009",.18,.31,.51,1.18,1.76,2.71,3.37,3.72,4.52,354
"7/31/2009",.18,.28,.48,1.02,1.55,2.46,3.14,3.56,4.41,355
"8/31/2009",.17,.27,.46,1.12,1.65,2.57,3.21,3.59,4.37,356
"9/30/2009",.12,.21,.4,.96,1.48,2.37,3.02,3.4,4.19,357
"10/31/2009",.07,.16,.37,.95,1.46,2.33,2.96,3.39,4.19,358
"11/30/2009",.05,.15,.31,.8,1.32,2.23,2.92,3.4,4.31,359
"12/31/2009",.05,.17,.37,.87,1.38,2.34,3.07,3.59,4.49,360
"1/31/2010",.06,.15,.35,.93,1.49,2.48,3.21,3.73,4.6,361
"2/28/2010",.11,.18,.35,.86,1.4,2.36,3.12,3.69,4.62,362
"3/31/2010",.15,.23,.4,.96,1.51,2.43,3.16,3.73,4.64,363
"4/30/2010",.16,.24,.45,1.06,1.64,2.58,3.28,3.85,4.69,364
"5/31/2010",.16,.22,.37,.83,1.32,2.18,2.86,3.42,4.29,365
"6/30/2010",.12,.19,.32,.72,1.17,2,2.66,3.2,4.13,366
"7/31/2010",.16,.2,.29,.62,.98,1.76,2.43,3.01,3.99,367
"8/31/2010",.16,.19,.26,.52,.78,1.47,2.1,2.7,3.8,368
"9/30/2010",.15,.19,.26,.48,.74,1.41,2.05,2.65,3.77,369
"10/31/2010",.13,.18,.23,.38,.57,1.18,1.85,2.54,3.87,370
"11/30/2010",.14,.18,.25,.45,.67,1.35,2.02,2.76,4.19,371
"12/31/2010",.14,.19,.29,.62,.99,1.93,2.66,3.29,4.42,372
"1/31/2011",.15,.18,.27,.61,1.03,1.99,2.72,3.39,4.52,373
"2/28/2011",.13,.17,.29,.77,1.28,2.26,2.96,3.58,4.65,374
"3/31/2011",.1,.16,.26,.7,1.17,2.11,2.8,3.41,4.51,375
"4/30/2011",.06,.12,.25,.73,1.21,2.17,2.84,3.46,4.5,376
"5/31/2011",.04,.09,.19,.56,.94,1.84,2.51,3.17,4.29,377
"6/30/2011",.04,.1,.18,.41,.71,1.58,2.29,3,4.23,378
"7/31/2011",.04,.08,.19,.41,.68,1.54,2.28,3,4.27,379
"8/31/2011",.02,.06,.11,.23,.38,1.02,1.63,2.3,3.65,380
"9/30/2011",.01,.04,.1,.21,.35,.9,1.42,1.98,3.18,381
"10/31/2011",.02,.05,.11,.28,.47,1.06,1.62,2.15,3.13,382
"11/30/2011",.01,.05,.11,.25,.39,.91,1.45,2.01,3.02,383
"12/31/2011",.01,.05,.12,.26,.39,.89,1.43,1.98,2.98,384
"1/31/2012",.03,.07,.12,.24,.36,.84,1.38,1.97,3.03,385
"2/29/2012",.09,.12,.16,.28,.38,.83,1.37,1.97,3.11,386
"3/31/2012",.08,.14,.19,.34,.51,1.02,1.56,2.17,3.28,387
"4/30/2012",.08,.14,.18,.29,.43,.89,1.43,2.05,3.18,388
"5/31/2012",.09,.15,.19,.29,.39,.76,1.21,1.8,2.93,389
"6/30/2012",.09,.15,.19,.29,.39,.71,1.08,1.62,2.7,390
"7/31/2012",.1,.15,.19,.25,.33,.62,.98,1.53,2.59,391
"8/31/2012",.1,.14,.18,.27,.37,.71,1.14,1.68,2.77,392
"9/30/2012",.11,.14,.18,.26,.34,.67,1.12,1.72,2.88,393
"10/31/2012",.1,.15,.18,.28,.37,.71,1.15,1.75,2.9,394
"11/30/2012",.09,.14,.18,.27,.36,.67,1.08,1.65,2.8,395
"12/31/2012",.07,.12,.16,.26,.35,.7,1.13,1.72,2.88,396
"1/31/2013",.07,.11,.15,.27,.39,.81,1.3,1.91,3.08,397
"2/28/2013",.1,.12,.16,.27,.4,.85,1.35,1.98,3.17,398
"3/31/2013",.09,.11,.15,.26,.39,.82,1.32,1.96,3.16,399
"4/30/2013",.06,.09,.12,.23,.34,.71,1.15,1.76,2.93,400
"5/31/2013",.04,.08,.12,.25,.4,.84,1.31,1.93,3.11,401
"6/30/2013",.05,.09,.14,.33,.58,1.2,1.71,2.3,3.4,402
"7/31/2013",.04,.07,.12,.34,.64,1.4,1.99,2.58,3.61,403
"8/31/2013",.04,.07,.13,.36,.7,1.52,2.15,2.74,3.76,404
"9/30/2013",.02,.04,.12,.4,.78,1.6,2.22,2.81,3.79,405
"10/31/2013",.05,.08,.12,.34,.63,1.37,1.99,2.62,3.68,406
"11/30/2013",.07,.1,.12,.3,.58,1.37,2.07,2.72,3.8,407
"12/31/2013",.07,.1,.13,.34,.69,1.58,2.29,2.9,3.89,408
"1/31/2014",.04,.07,.12,.39,.78,1.65,2.29,2.86,3.77,409
"2/28/2014",.05,.08,.12,.33,.69,1.52,2.15,2.71,3.66,410
"3/31/2014",.05,.08,.13,.4,.82,1.64,2.23,2.72,3.62,411
"4/30/2014",.03,.05,.11,.42,.88,1.7,2.27,2.71,3.52,412
"5/31/2014",.03,.05,.1,.39,.83,1.59,2.12,2.56,3.39,413
"6/30/2014",.04,.06,.1,.45,.9,1.68,2.19,2.6,3.42,414
"7/31/2014",.03,.06,.11,.51,.97,1.7,2.17,2.54,3.33,415
"8/31/2014",.03,.05,.11,.47,.93,1.63,2.08,2.42,3.2,416
"9/30/2014",.02,.04,.11,.57,1.05,1.77,2.22,2.53,3.26,417
"10/31/2014",.02,.05,.1,.45,.88,1.55,1.98,2.3,3.04,418
"11/30/2014",.02,.07,.13,.53,.96,1.62,2.03,2.33,3.04,419
"12/31/2014",.03,.11,.21,.64,1.06,1.64,1.98,2.21,2.83,420
"1/31/2015",.03,.08,.2,.55,.9,1.37,1.67,1.88,2.46,421
"2/28/2015",.02,.07,.22,.62,.99,1.47,1.79,1.98,2.57,422
"3/31/2015",.03,.11,.25,.64,1.02,1.52,1.84,2.04,2.63,423
"4/30/2015",.02,.09,.23,.54,.87,1.35,1.69,1.94,2.59,424
"5/31/2015",.02,.08,.24,.61,.98,1.54,1.93,2.2,2.96,425
"6/30/2015",.02,.09,.28,.69,1.07,1.68,2.1,2.36,3.11,426
"7/31/2015",.03,.12,.3,.67,1.03,1.63,2.04,2.32,3.07,427
"8/31/2015",.07,.22,.38,.7,1.03,1.54,1.91,2.17,2.86,428
"9/30/2015",.02,.18,.37,.71,1.01,1.49,1.88,2.17,2.95,429
"10/31/2015",.02,.11,.26,.64,.93,1.39,1.76,2.07,2.89,430
"11/30/2015",.13,.33,.48,.88,1.2,1.67,2.02,2.26,3.03,431
"12/31/2015",.23,.5,.65,.98,1.28,1.7,2.04,2.24,2.97,432
"1/31/2016",.26,.43,.54,.9,1.14,1.52,1.85,2.09,2.86,433
"2/29/2016",.31,.45,.53,.73,.9,1.22,1.53,1.78,2.62,434
